gender:post
1:Я в шоке!!! Размещение в жалкой дыре, ну-хам сервис – вообще никакой! И это за 1 500 000 рублей! Вы вообще нормальные?! Я вас до конца ваших дней по судам таскать буду! Жулье! требую компенсации, и плату за мое лечение от нервного срыва!
1:Как можно так обманывать людей!? Вы вообще понимаете, что НИЧЕГО из того, что вы прописали в туре, не соответствовало реальности? 3 звезды вместо 4-х-это что такое вообще? Отмена экскурсий, отсуствие трансфера до отеля из Аэрофлота- вы вообще туристическая фирма или кто? Я вас по судам затаскаю! Немедленно выплатите мне компенсацию!
0:Премьер-министру (лично) Дмитрий Анатольевич, выражаю Вам мнекние народа, в частности, слоя населения с доходом ниже среднего, коих в нашем государстве подавляющее большинство. Хочу присоединиться к претензии, наверняка уже полученными Вами в большом количестве. Данное бездействие Правительства недопустимо в наше время. Если Вы будете не в силах изменить что-то в ближайшее время, мы будем вынуждены голосовать за другую партию. А так как это никак не помогает, Вы дождетесь того, что наш слой общества восстанет и доставит государству еще больше проблем, чем нынешний экономический кризис.
0:"Андрей,27 лет, программист, знак Зодиака: стрелец. Ищу красивую, уверенную в себе, умную, заботливую девушку 20-24 лет с широким кругозором, готовую поддержать меня в моих увлечениях и стремящуюся к развитию. О себе: обладаю очень широким кругом интересов (экономика, психология, политика, философия, история, эзотерика и др.) и считаю очень важным качеством готовность принять меня вместе со всеми увлечениями. Очень заботливый, люблю дарить и получать ласку в больших количествах. Мечтаю создать большую семью и построить успешный бизнес. Предупреждаю, что не потерплю лжи, попыток чрезмерного контроля или измены."
1:Доброго времени суток. Хотела сообщить что мне крайне не неприятно ваше отношение к моей личности. Если вы не прекратите данные действия и не измените свой подход, мне придется пойти на крайние меры, например повреждение вашего автомобиля. С уважением , (блондинка) Регина
1:"Босс Батькович ! У нас с вами последнее время возникло некоторое недопонимание: вы считаете меня пустым местом, а я в свою очередь, вас чертовым сексистом. Если вы хотите решить эту проблему , то ваша машина не пострадает. Ваш ход, господин Шерлок!"
0:"Познакомлюсь с девушкой 25-35 лет, симпатичной, которая любит: 1. гулять 2. дурака валять 3. умеющая зелень в дом приносить 4. на метле летать 5. желания выполнять ...N. Заботиться О себе: разведен и есть чудо сын(4,5 года). Умею: - готовить; встречать после девичника, стирать))), зарабатывать, пол мыть, картину к стене прибить. Люблю: 1. Иногда играть в компьютерные игры (гонки и стрелялки от первого лица); 2. Формулу-1 3. Смотреть новые фильмы (фантастика с одуренными спецэффектами), умные и комедии в основном. 4. По усмотрению любимых занятий девушки 5. Иногда ходить на тусу 6. Музыку, в основном транс (armin, tiesto, wlw, jochen, miller, shm); Не люблю: бриться, читать книжки; Вредные привычки: курю, как паровоз; иногда бухаю с друзьями по- черному и до последней копейки. Евгений , 29 лет."
0:Здравствуйте! Меня зовут Руслан. Вообщем я доволен отдыхом. На ресепшине в отеле была очень милая секретарша, она оставила мне свой номер телефона. Зачем? не знаю. Ведь она из Таиланда, а я из Твери. В Твери, кстати , получше и девушки и сервис. Можно было бы на завтрак приносить побольше хлеба. За отдых люди должны набирать, а я скинул четыре кило. А ведь мне нужно на соревнования ехать после такого отдыха, нужно много потрудиться чтобы снова прийти в форму.
1:Доброго времени! Хочу выразить свое недовольство в испорченном отдыхе и настроении. 25.07.2015 думала наконец-то сбудется мечта – «Я поеду за бугор».И вот настает долгожданный день. Я с подругой приезжаю в аэропорт и тут начались первые неудачи. По непонятным причинам рейс отложили аж на 5 часов. С горем пополам долетели, нас привозят в отель, и я подумала я в сказке. Но и тут нет. Номера грязные. Убирают номера очень редко. Когда пошли на море около недели на берег выкидывало, примерно. похожие на слепки жижи нефть и мертвую рыбу. Это экономическая катастрофа!!! В общем отдых, как и настроение на нуле. Даже продолжать не хочу.
1:Муж меня чуть не убил!! А знаете почему? Да потому, что я обратилась за туром к вам. Очень ужасный отдых. Жаль что он за это заплатил. Вы вообще понимаете что продаете и кому? Я планировала провести время на море, под солнцем, которое вы обещали, а не под круглосуточным ливнем и тучами.. Обещали +25? Серьезно? Да там выше 13 не было.Ужасно что вы обманываете людей. Никогода не обращусь к вам. И предупрежу всех, кого смогу.
1:Катя, 19 лет. Умная, воспитанная, хозяйственная девушка. Учусь в лучшем Вузе страны, иду на красный диплом. Верующая, без вредных привычек. Проживаю в Балашихе. Ищу мужчину 20-35 лет для серьезных отношений. Целеустремленного, ответственного, любящего. С хорошей заработной платой.
1:Я брюнетка невысокого роста ищу себе милого мужчину кто бы завел семью и растил детей.
1:Премьер-министру РФ. Здравствуйте уважаемый х.х. Ситуация в стране, на мой взгляд, с приходом новой партии, значительно ухудшилась. Я могу потерять работу, зарабатываю копейки, на жизнь хватает едва едва. Прошу навести порядок в правящей партии и провести в стране референдум.
0:Я возмущен вашими услугами! Вы описывали мой отпуск как самым лучшим в мире! Я вам поверил и взял вашу путевку по супер скидки. а в итоге я получил отвратительный сервис и обслуживание. Отель надо срочно закрывать на капитальный ремонт. В моем номере постоянно текли трубы, кондиционер не работал из-за этого мне пришлось открывать окно! Про питание в данном, а точнее предоставленном вами отелем для меня было просто отвратительным. Я получил отравление в первый же день, но мед. пункт в отеле в отеле имеется, но врача ни когда нет на месте и мне не смогли помочь, персонал вечно огрызался и хамил на любые мои просьбы. Так что собрав все документы я иду подавать в суд для взыскания с вас денежной компенсации за потраченные мною деньги и еще получить денежную сумму за моральный ущерб.
0:Я пишу тебе, чтобы ты понял одну важную вещь, если через пару месяцев ты не изменишь свою политику и не обратишь свой взор на людей, которые живут в твоей стране и теряют работу пока ты покупаешь дом в Швейцарии, если ты не повернешься к нам своим лицом, то я обещаю тебе, что не буду голосовать за тебя на следующих выборах. Поверь я обладаю достаточным влиянием, да и люди не дураки, ты со своими дружками из партии вылетишь со своего поста и лишишься своей кормушки в виде госказны.
0:"Я общительный и интересный человек, легко вливаюсь в компании и люблю проводить время на чистом воздухе. Я часто выбираюсь в город , домоседом меня назвать сложно. У меня специфичное чувство юмора, люблю шутки, базирующиеся на реалиях современного мира, негативно отношусь к бытовому юмору. Люблю командные виды спорта, во мне силен состязательный дух. У меня привлекательная внешность и приятный голос, я обладаю чувством стиля и ценю это качество в других. Я заботливый человек, умею выслушать сочувствовать. Мне нравятся разные стили музыки, все зависит от моего настроения. Трепетно отношусь к личному пространству. В партнере ищу надежность и твердую опору. На первом месте в выборе партнера у меня стоят личностные качества: меня тянет к амбициозным личностям, охотно идущим на риск и не стесняющимся выражать свое мнение. Любовь к животным для меня большой показатель -если партнер не любит взаимодействовать с ними, меня это настораживает. Мне нравятся разносторонние люди, если партнер не имеет широкого кругозора или не готов открывать что-то новое для себя вместе со мной, мне с ним становится скучно."
0:Уважаемое турагентство, пишу жалобу с целью предоставления мне компенсации за потраченный отдых. Я крайне разочарован в вашей компании, так как вы предоставили мне ложную информацию об отеле, взяв при этом немалую сумму денег. Мало того, что по прилету нас никто не встретил, так еще при заселении в отель начались проблемы. Меня и мою семью заселили в номер, за который мы не платили, т.к. он оказался ниже классом. Более того, вы не уладили эту проблему, а пустили все на самотек. Отель совершенно не соответствовал заявленным характеристикам и фото, начиная от номеров и территории, заканчивая едой. Я считаю, что это не стоит денег, которые я заплатил и требую выплатить мне компенсацию за предоставление мне ложной информации. Если на жалобу не придет ответ, я вынужден буду обратиться в суд с дальнейшим рассмотрением дела.
1:Уважаемый Премьер-министр, спешу вас уведомить, что в связи с действиями правящей партии, я рискую остаться без работы. Вам следует искать другие, более существенные способы для выхода из кризисной ситуации.
1:Олег, меня не устраивает твое хамское отношение! Если ты таким образом пытаешься проявить симпатию, то уверяю тебя ты выбрал неверную тактику! Я поцарапаю твою машину! И проколю тебе шины! С любовью, Ольга.
1:Работник, вы правы! Босс относится к вам неуважительно, ему стоит призадуматься над своим поведением. Не уверена , что нужно разбивать машину, однако я готова помочь вам припугнуть босса по-другому.
1:Здравствуйте, Дмитрий Анатольевич! Я мать прекрасного ребенка. Я живу с ним одна в однокомнатной квартире. В последнее время из-за финансовой ситуации мне все сложнее радовать своего сыночка. У меня нет даже денег купить ему новую школьную форму. Очень скоро Новый год, я копила деньги последние месяцы, чтобы подарить ему подарок, о котором он давно мечтал. Я очень хочу устроить ему праздник, но денег практически не хватает! И правительство ничего не делает! Цены растут, зарплату задерживают, я уже не знаю, что делать! Поэтому я обращаюсь к Вам, Дмитрий Анатольевич. Я исправно голосовала все это время за Единую Россию, но теперь я даже не знаю. Наверно, я ошибалась.
0:Привет! Ищу девушку для серьезных отношений. Я привлекательный, успешный, имею хороший заработок. Я добрый, умею ценить девушек и жду от них того же. Моя будущая девушка должна быть красивой, понимающей, хозяйственной. Она должна хорошо выглядеть, иметь цели в жизни, но основным ее приоритетом должна быть семья. Девушка должна уступать мне, соглашаться с моими решениями. Я не маньяк, не ищу девушку на одну ночь, а хочу настоящих отношений. Девушка должна быть из хорошей семьи и найти общий язык с моей мамой. Никогда не прощу измены, т.к. сам очень верный.
0:Я познакомился в социальной сети с приятным человеком по имени Кирилл. Мы долго общались и я понял, что таких людей очень мало в мире. И он очень похож на меня. Я решил, что нам нужно встретиться и начать общаться уже нормально, как настоящие друзья. Но общий страх все равно имеется. И все-таки я решился и позвал к себе домой. Он отказал, сославшись на отсутствие свободного времени. Я расстроился, но решил поверить. После этого мы снова общались в обычном режиме. Я снова предложил встретиться, только уже не дома, а к примеру в ресторане. Он снова отказался. После этого прошло время. Мы спокойно общались, делились информацией, новостями и т.д. И тут он сказал, что любит итальянскую кухню. Я вооружился, нашел лучший ресторан и снова решился предложить ему. Он долго не отвечал, но после согласился. Мы договорились на вечер вторника, после работы. В это день мы встретились и ничуть не пожалели, что не поехали домой после тяжелого дня на работе. Мы поняли, что мы очень похожи. Мы разговаривали на все темы, мы понимали друг друга. После этой встречи мы каждый вторник вечер проводим в этом ресторане. Мы стали лучшими друзьями.
0:"Я парень 25 лет ищу девушку для серьезных отношений. О себе могу рассказать, что я имею диплом ВЩЭ по профилю банковское дело. В данный момент работаю в одной из крупных российских компаний по производству технического оборудования. Я знаю несколько языков. В совершенстве владею английским, немецким и французским. Имею 1 взрослый разряд по боксу. Рядом с собой я хочу иметь красивую, умную, верную и понимающую девушку. Она должна быть спортивной и с хорошей фигурой. Моя девушка должна меня во всем поддерживать и верить в меня. Также хочу, чтобы девушка умела и любила готовить. Одним из пунктов хочу отметить: девушка должна быть опрятной, аккуратной и всегда хорошо выглядеть."
0:Олег Викторович, пишет твой подчиненный Иван. Замечаю уже в течение двух месяцев как ты пыхтишь и выеживаешься в моем присутствии. Если тебя что-либо не устраивает - будь мужиком и подойди и скажи мне это в лицо! Если ты думаешь, что ты можешь делать что угодно и пользоваться тем, что ты босс, то я тож могу на мгновение забыться и покарябать твой новенький порш кайен слегка. Надеюсь, что ты принял это к сведению, иначе рискуешь увидеть след от гвоздя на своем крыле во вторник. Подумай хорошенько!
0:Уважаемая правящая партия! На прошлых выборах я сделал большую ошибку, когда отдал за вас свой голос. Все ваши обещания о светлом будущем оказались пустыми словами. Вы нагло воспользовались доверием граждан, чтобы прийти к власти. Жить нам стало не только не лучше, но гораздо хуже. Кризис в стране это только ваша вина. В стране массовые увольнения. Люди не имеют средств к существованию. В ближайшем будущем меня могу уволить. Нам уже сократили з/пл., так как компания несет одни убытки. У меня семья, трое детей, жена не работает. Я один обеспечиваю их. И теперь, из-за вас вся моя семья может остаться без средств к существованию. Это ли есть прекрасное будущее для наших детей, о котором вы так красиво говорили? Грош цена вашим словам! Одно вранье! Вы не заслуживаете возложенного на вас доверия надеюсь, что на следующих выборах люди сделают правильный выбор и у власти окажется не ваша партия!
0:Уважаемый Дмитрий Анатольевич ! Причиной моего обращения к Вам стала некорректная работа правящей партии в современной экономической ситуации, направленность ее деятельности –культура. Однако, на мой взгляд, этот вопрос не стоит на повестке дня, учитывая последние события. Не было принято ни единой меры для последствий экономического кризиса, не говоря уж о попытке предотвратить его. Выделение средств на возведение памятника Ивану Грозному не представляется разумной тратой государственных средств. Причем сами мотивы сомнительны. Основное направление деятельности правящей партии – служба интересам народа. Народ хочет жить в достатке! Народ хочет жить с уверенностью в завтрашнем дне! Это возможно только достичь путем стабилизации экономической ситуации. Требую расформировать правящую партию и провести досрочные выборы в Гос. Думу!
0:Я красивый, накачанный мужчина 30 лет. Работаю в крупной нефтегазовой компании на хорошей должности с приличной зарплатой. Живу в собственной квартире в Москве. В собственности также находится небольшой, но симпатичный домик в одной из деревушек Италии. Увлекаюсь спортом, в частности, футболом. Люблю выбираться куда-нибудь на выходные, не терплю домоседок. Девушка, которая мне бы подошла, должна обладать скромным нравом, красивой внешностью и привлекательной фигурой(по современным стандартам. Она должна разделять мои интересы, не должна быть ревнивой и не должна пытаться вызвать чувство ревности у меня. Содержать девушку я не собираюсь, так как считаю, что в семье должны работать оба. Бюджет также предпочитаю вести раздельно. Не потерплю измены.
0:Добрый день! Не так давно я отдыхал в Тайланде, при этом путевку покупал у вашей туристической фирмы. Сервис, конечно, не очень. Еще расти и расти вам и вашим отелям, с которыми вы сотрудничаете. Хочу сказать, что отдых мне совершенно не понравился. Требую полную компенсацию от стоимости отдыха. Во-первых , в моем номере убирались ч/з день. Мне кажется, что даже пропали мои носки. Когда пришла горничная убирать мой номер, я задал ей вопрос почему не убираются каждый день. Она мне ответила, что убирается, хотя этого не видно. В общем, я пожаловался на нее на ресепшене, но, к сожалению, этот вопрос не уладили. Во -вторых стоимость моей путевки включает мини бар в моем номере, коего не оказалось. Увы, администратор мне сказал, что номера с мини барами все заняты. В общем, отдых не оправдал моих ожиданий. Мою позицию вы уже поняли. Советую в ближайшее время возвратить деньги. Иначе увидимся с вами в суде.
0:Я умный, амбициозный молодой человек. Являюсь человеком сильным, с лидерскими качествами, независимым и надежным. Для своих родных и друзей - я настоящая опора, человек слова и дела. Имею собственные жизненные принципы, постоянную работу и планы на будущее, к которому я уверенно стремлюсь. В своей девушке хочу видеть мягкость, женственность, нежность, способность услышать, любовь к детям. Для меня важно, чтобы моя избранница уважала меня и мое мнение, хотела от жизни того же, что и я.
0:"Добрый день. Недавно побывал в вашей туристической фирме и приобрел путевку на всю семью. Давно не собирались всей семьей, особенно на отдыхе. Мы были впечатлены условиями и стоимостью данной путевки. Устраивала нас по всем критериям: отличный 5-ти звездочный отель, трехразовое питание ( щведский стол), близость к морю, несколько номеров рядом в одном отеле, целый комплекс развлечений(фитнес для жены, конкурсы для детей, музыкальная программа, юмор для мужской половины, концерты вечером, а также различные экскурсии с самыми лучшими гидами), а также огромный город с огромным количеством достопримечательностей. Из всего этого нас ожидал 2-х звездочный отель и не один. Всю семью поселили в разные отели. Более того не у моря. Еда была ужасная, никакого выбора, один раз в день. Из развлечений была одна экскурсия с непрофессионалом своего дела. По городу не гуляли, потому что было грязно, все достопримечательности были на реконструкции. Прошу предоставить компенсацию, иначе в суд подавать иск нет ни желания, ни времени."
0:Прошлым летом брали с женой у вас тур в Италию. Более ущербной конторы, как ваша, я еще не встречал! Лишь бы навариться! Полученная поездка не оправдывала потраченных денег. Не на отдых в отеле, находящимся в какой-то деревне, я копил целый год! По словам вашей девушки, до города было добираться 10 минут, на деле - час. К тому же в отеле отвратительная еда, нет телевизора (только в холле) и wi-fi. Более того нас обокрали. когда мы возвращались вечером домой, забрали все до копейки! Ваша компания просто высасывает из людей деньги! Мы узнали, что цены гостиницы при оплате там в 1,5 раза ниже, чем ваши. Короче, я подаю иск в суд на ваше агенство! И требую возмещения денежных затрат.
0:"Уважаемый Вадим Николаевич, мне надоело терпеть Ваше неуважительное отношение относительно моей персоны. Как только Вы стали начальником нашего отдела, мне хочется Вас убить. Вы вызываете во мне самые ужасные и негативные эмоции. Так как я человек тактичный, я не могу прийти к Вам в офис и устроить разгром. Поэтому я присмотрелся к Вашему новому «Порше». Как вижу , что Вы паркуетесь на своем автомобиле у офиса, сразу представляю как Вы летите с обрыва или тонете в реке. Если Вы не измените своего отношения относительно моей персоны, то все мои фантазии превратятся в жизнь. А именно: однажды после тяжелого рабочего дня Вы как обычно сядете в свой автомобиль и направитесь домой. Но доехать Вам не удастся. На середине пути Вы потеряете колеса. Если Вы готовы к самой увлекательной поездке домой, продолжайте в том же духе! С наилучшими пожеланиями"
0:Главное заинтересовать человека во встрече. В ее необходимости нам встретиться, где встретиться и во сколько. Заинтересовать ее во встрече, предложить сходить куда-нибудь (кино ресторан или прогулка по парку). Возможно, сказать, что она единственный человек, который мне может помочь. Узнать, что ей нравится приготовить сюрприз. Назначить место и время встречи. Также можно предложить поход на спектакль или на выставку, чтобы человеку было интересно проводить время. Было интересно провести свободное время и вспомнить потом. Это должно заинтересовать человека в сети. Чтобы он не испугался приходить на встречу.
0:"Привет! Меня зовут Василий! Мне 20 лет. Ищу красивую, милую, хозяйственную, интересную девушку для отношений и совместного будущего. Поощряю независимость и неординарный подход к жизни, любовь к экстремальным видам спорта. Сам увлекаюсь автогонками, наукой, люблю ходить в походы и путешествовать дикарем. Из музыки предпочитаю классику, а также инструментальный рок. Внешность вполне типичная: брюнет среднего роста с мужественной горбинкой на носу. Забыл отметить, что у меня аллергия на кошек, но животных очень люблю, раньше была собака, но ее сбила машина. Периодически путешествую каучсероргином. Побывал таким способом во многих странах, где нашел много новых друзей. Рост 186/Вес 80"
0:Здравствуйте. Летом прошлого года я приобрел в вашей фирме тур на море для своей семьи. Сразу хочу сказать, что отдых был испорчен - по вине вашей фирмы. Мы предупреждали, что с нами летит маленький ребенок. По прибытии в отель оказалось, что он совершенно не приспособлен для детей(вы об этом не предупреждали!). Не было ни детского врача, ни магазинов товаров для детей, ни площадки, где ребенок мог бы провести время. Невозможно даже было вызвать няню! Вы должны были предупредить! После всего этого нет ни малейшего желания покупать путевки у вас. Пожалуй, я подам иск в суд на вас. Вы должны возместить наши моральные неудобства.
1:Мне надоело быть одинокой и именно поэтому я решила попробовать найти своего мужчину через сайт знакомств. Говорить о себе очень трудно и неловко, но я попробую. Мне 21 год, я учусь в университете(правда хожу я в него редко), живу не то, чтобы одна. Со мной всегда есть мои верные друзья-5кошек общим весом в 30 кг. Я их очень люблю, именно поэтому они такие уникальные. Я не могу их видеть голодными. Иногда, когда у меня мало денег, я жертвую своей едой и покупаю на эти деньги корм для них. Говоря о своей внешности - я довольно привлекательная- у меня огромная коса и длинные руки. Из недостатков - моя лень. Именно поэтому мне нужен человек, который будет мотивировать меня, заставлять шевелиться. Он должен быть довольно обеспеченным, чтобы помогал мне кормить моих малышек. Он должен быть воспитанным, добрым, семейным, сдержанным, умным и понимающим.Я хотела бы жить вместе и постоянно проводить время вместе. Надеюсь, что я найду тебя здесь!
1:Молодая привлекательная девушка ищет вторую половинку. Считаю себя красивой, несмотря на невысокий рост и необычную комплекцию. Увлекаюсь конным спортом, а также играю в MMORPG все оставшееся время. Не люблю алкоголь, но готова терпеть алкоголь суженого. Приветствуется любовь к компьютерным играм, т.к. джостика от приставки у меня два, а я одна. Но я не унываю, потому что считаю себя интересным собеседником, способным слушать, давать советы, хранить секреты, Люблю смотреть классические фильмы под акомпанимент газировки и попкорма. Не люблю гулять, считаю это вредным из-за загрязнений атмосферы в моем городе. Интересует финансовое благосостояние мужчины, кто-то ведь должен платить за интернет и новые игры? Приветствуется наличие автомобиля, т.к. я про мои отношения с улицей я написала выше. Люблю и умею вкусно готовить, вы никогда не будете голодным. Хочу чтобы мой мужчина был мускулистым, т. к. моим кумиром является персонаж из одной известной компьютерной игры про наемных убийц. Люблю кэжуал стиль, а также кофту на кофту. У меня огромная коса из кучерявых волос, которые я никогда не буду выпрямлять. Спасибо за внимание!
0:Направляю вам свое недовольство вашей проделанной работой, а точнее ее полным отсутствием. На вашем сайте размещено много гарантированных вашем агенством услуг, перечислять не буду, надеюсь вы и так с ними ознакомлены. В итоге, когда мы ( я со соей семьей ) уже выехали из дома, позвонил агент вашего бюро и сказал, что рейс перенесли на следующий день. Так, нам переносили рейс 3 раза. Когда мы наконец улетели (три оплаченных дня отдыха уже прошли), в аэропорте назначения нас никто не встретил, пришлось добираться самим. В отеле наши номера были не убраны и неподобающего вида. Представитель вашего агенства даже не попытался ничего предпринять. Положенные экскурсии и развлекательные программы представлены нам не были. Пришлось мне с семьей оставшийся отдых провести в отеле, а об отъезде даже не сообщили заранее! Мы еле успели на свой самолет, причем добираться пришлось самим и причем опять же за свой счет. По факту неудавшегося отдыха, я подал иск в суд с востребованием вернуть мои деньги за путевки и компенсировать непредвиденные затраты.
1:Не желаю даже обращаться к вам по имени. Столько неумелых попыток столкнуть коллектив лбами я видела давно. Вы ничтожный мужчина и я чувствую сожаление за год своего молчания. Злость к вам сменилась прозрением. Низок в своих поступках, некрасив внутренне и внешне. Старая пена, которая полила падаль вдали от сородичей и давящаяся ею. Надеюсь вы понимаете, что эти «сородичи» и будут вашим палачом. Даже ваш автомобиль, мозолящий мне глаза каждое утро, напоминающий о вас, мне хочется сжечь в сильном пламени. Чувствую себя грязной после разговора с вами. Я не могу изменить ситуацию и ваше положение в самой компании, но могу изменить свое. Отныне давитесь желчью в своей слабости один.
0:"Я перспективный молодой человек, 20 лет. Работающий на должности с возможностью карьерного роста, в то же время учусь в университете. Уверен в себе, амбициозен, общителен. имею чувство юмора и много друзей. Своей избранницей я хочу видеть милую, красивую нежную девушку, которая будет заботиться обо мне, подбадривать. Она должна быть небольшого роста, стройной, должна выполнять различную работу по дому. Я могу гарантировать полное обеспечение своей избраннице. Я довольно чувствительный, люблю ощущать заботу о себе, внимание, сам также щедр на комплименты и знаки внимания. Я люблю хоккей: играю в него с друзьями на выходных, смотрю каждый матч нашей сборной, моя партнерша должна нормально относится к моему увлечению, не мешать мне смотреть матчи и, желательно, чтобы она смотрела вместе со мной. Я хочу, чтобы моя избранница тоже не должна курить, а употреблять алкоголь только в редких случаях. Девушка должна быть приветлива, добра, должна любить детей, образованна, с ней должно быть интересно. Девушка не должна проявлять агрессию и злость, только в редкие моменты. Жду от девушки много любви и нежности и обещаю давать то же взамен."
1:Мужики, всем привет! Меня зовут Лера, я не очень люблю рассказывать о себе и приукрашивать себя, но тут без этого никак, так что поехали. Я считаю себя очень доброй и порядочной, так что очень прошу, мужчины, не настроенные на длительные отношения, не нужно посылать мне фото, где вы не в одежде или в одежде не полностью. Я не хочу ничего смотреть и оценивать. Оставьте их себе и показывайте своей мамуле! А мне нужен добрый , честный, порядочный мужчина. Он должен быть справедлив и дарить мне подарки иногда, баловать меня. Настоящий мужчина –стойкий с характером, умный и знает как, где и и в короткие сроки заработать деньги на пропитание, жилье и отдых. К сожалению, в наше время без материального не обойтись. Предпочтение отдаю именам Андрей, Павел, Александр, Игорь, Петр, Олег, Евгений, Виктор, Алексей, Эдвард ,Мигель, Артем, Вадим, Кирилл ,Никита, Михаил. Жду отклика!
1:Уважаемые сотрудники тур-агенства, вы предоставили ужасный отель моей семье, я была вынуждена терпеть побои и надругательства местных жителей, а соответствующих лиц по охране общественного порядка я не наблюдала. Я обращаюсь в суд и буду требовать компенсацию.
1:Дорогой Андрей Евгеньевич! Я мать- одиночка. У меня двое детей, находящихся на моем обеспечении. Я вынуждена усердно работать, чтобы в разгорающийся кризис не лишиться своего единственного источника к существованию. И женщин, подобных мне в нашей стране не один миллион. И большинство из нас верило вашим обещаниям на последних выборах. Мы рассчитывали на защиту и заботу с вашей стороны. Но сейчас, наблюдая за бездействием правительства, мы откровенно разочарованы и чувствуем себя обманутыми. Наше доверие лично к вам и к вашему кабинету министров подорвано, а наши голоса больше не принадлежат вам. Надеюсь, что вы сможете не потерять свое мужское достоинство так, как потеряли политическое.
0:Привет. Предлагаю назначить встречу. Сходить в кафешку или в парк. Поболтаем. Узнаем по лучше друг друга. Я живу рядом с замечательным парком и с большим количеством кафешек и ресторанов. Я так же как и ты большой любитель спорта. Думаю, у нас много общих интересов. Как ты относишься к тому, чтобы встретиться на моей территории? Я не совсем знаю, как добраться до тебя. А у меня много общественных прикольных мест. Жду тебя у себя у входа в парк.
0:Итак, 31 декабря предвещал очень скучный праздник, все друзья разбежались по разным городам, родители вообще 5 лет живут в другой стране. Решил зайти в социальную сеть «В контакте», думал, может найду кого-то из имеющихся друзей , с кем можно было встретиться и провести праздник. Но, к сожалению, ничего из этого хорошего не вышло. Но! Ту вылез случайно список друзей и я увидел девушку, которая тут же мне понравилась, ну, по крайней мере по фотографии, если она была реальная. Решил добавить, думаю была не была, поздравил с Наступающим Новым годом. Через минут 5 заявка была одобрена. Сразу разболтались было легко с ней общаться, оказалось, что живем в одном городе, но совершенно в разных районах. Месяц мы общались, хотели встретиться живьем, но оба были заняты, то один работает, то один на корпоративе. Назначили день, время, но с местом была напряженка. Я живу почти в центре, а она в области. Ей очень не хотелось ехать в город именно в этот день - как она сказала. Начала ныть, что после фитнеса (она занимается аэробикой 3 раза в неделю) у нее нет сил ехать куда-либо. Просила меня приехать. Я ей сказал, я сказал, что не могу, т.к. у меня на следующий день встреча в 8-00 с начальством, а у нее был выходной. Объяснил, что если опоздаю на встречу хоть на 5 минут меня просто уволят - очень важная! Даже это ее не задело, стояла на своем. У меня закончились доводы, я просто прекратил писать. Через часа 2 она согласилась приехать и просила адрес.
1:Добрый день! Я отдыхала по вашей путевке в отеле Palm Plaza Resort в Таиланде. Я очень возмущена тем, как ко мне там отнеслись. Сначала мне в отеле сказали, что я должна внести сумму регистрации для заселения. Я внесла, но оказалось, что это не все, и нужно подписать бумаги на английском о том, что я не я не буду портить имущество отеля. За это я отдала в их фонд еще 200 долларов. И это не единственная жалоба! Экскурсии, которые мне разрекламировал ваш гид в отеле, оказались слишком дорогими и они были не такими совсем, как должны. Экскурсию на яхте вообще отменили и не вернули деньги! Полный развод! Ваш отельный гид просто игнорировал меня и отказывался что-то делать! Мне кажется - клиентов вы совсем не цените! Когда я позвонила в ваш офис, турагент отнесся ко мне очень раздражительно и сказал, что у него уже закончился рабочий день. Это просто возмутительно! Я требую от вас компенсацию за все неудобства этого путешествия. Если нужно, я подам иск в суд, чтобы ее получить. Мой отдых был полностью испорчен.
1:Здравствуйте! Пишу вам по поводу пакетного тура, который мы приобрели у вас прошлым летом. Если честно, то весь наш отпуск провалился. Поэтому я к вам с претензиями. У меня за отпуск накопился список того, что мне доставило большой дискомфорт. И, между прочим ,все эти нарушения были прописаны в договоре, так что фактически нам с вами договор был неоднократно нарушен! Так ,нас выселили в последнюю ночь из отеля и нам пришлось провести ночь под дождем! Экскурсии были отвратительны! Гиды объяснялись с нами на каком-то ломанном русском и читали все с книжки «Золотое кольцо Турции» , «Учебник для гидов». Это же ужасно !А один раз мы подъехали к озеру. Нас всех высадили на 30 минут, а сам автобус уехал куда-то с глаз! Мы по жаре стояли и ждали, пока кто-нибудь приедет! Единственное, что понравилось -это питание в отеле. Хотя один раз мы всей семьей отравились какими-то морепродуктами, а потом потратили 2 дня на лечение и восстановление. В отеле не было никаких развлечений, а еще нас попросили доплачивать за горячую воду!!! Этот длинный список можно продолжать и продолжать! Отпуск был полностью испорчен, был хуже, чем любой рабочий день! Я надеюсь, что вы сможете компенсировать ущерб, нанесенный отдыху моему и моей семье. Надеюсь на понимание, иначе я буду вынужден подать иск в суд.
1:"Я купила у вас путевку. Я хотела посмотреть Рим и Испанию. С хорошим настроением я зашла в ваше турагенство и приобрела тур, в который входило проживание, питание, обзорные экскурсии с русскоговорящим гидом, трансфер. Собрав чемоданы, я отправилась в путешествие. И тут начались проблемы. Рейс был задержан на 3 часа, в связи с чем ,меня по прилету никто не встречал и обещанного трансфера до отеля не было. Номер был кошмарный, было одно маленькое зеркальце, которое было настолько испачкано, что в нем было невозможно увидеть свое отражение, в комнате работала только одна лампочка, а остальные нет, номер грязный, постельное белье грязное. На следующий день в назначенное время я ждала своего гида. Мало, что он опоздал на час, так он еще не владел русским и видимо взял с собой родственников и провел экскурсию для них. Из его речи я могла понять только «Это Колизей» дальше он говорил на итальянском и пытался до меня что-то донести, но понимания мы найти не смогли. Мне пришлось просто идти за ним и просто наблюдать развалины, которые очевидно были исторически важными, но про которые я так ничего и не узнала. В Испании было все тоже самое. Гид был оди, но тоже не говорил по-русски. Его знания ограничивались словами: валенки, балалайка, Дед мороз и зашибись. Прошу выплатить мне компенсацию за моральный ущерб и вернуть деньги за тур."
0:"Отдыхали всей семьей в Турции. Путевку покупали в вашей компании. Представители компании в Турции это просто ужас. Гид постоянно опаздывала на встречи, причем не было информации о ней. После прихода отказалась отвечать на наши вопросы, а просто откровенно говоря пыталась впарить дорогущие экскурсии, хотя такие же экскурсии на пляже можно купить в два раза дешевле, о чем мы узнали уже после покупки экскурсий у вашего гида. Теперь об экскурсии. Все было совершенно не организовано. Информация о выезде появилась очень поздно, и то после неоднократных напоминаний. По номеру: оказалось, что кондиционер в номере платный(5 долларов в сутки), т.к. путевка была куплена на 14 дней, общая сумма доплаты оказалась существенной. Гид опять же отказалась помогать с решением этого вопроса. Также в номере были какие-то непонятные жучки. Жена из-за этого постоянно нервничала. Питание было очень скудным, каждый день одно и тоже, а если прийти к концу завтрака(обеда, ужина), то может и вовсе не хватить еды. Считаю, что это не нормально в отеле с 4-мя звездами. Информирую вашу компанию, что я намерен подать судебный иск с требованием компенсации за испорченный отдых."
1:"Дорогой босс, я пишу вам с заявлением, что слишком плохо относитесь ко мне. Я ни на что не намекаю, но вы немного «перегибаете палку», когда разговариваете со мной. Да это даже разговором назвать сложно! Это просто публичное оскорбление меня от вас! Сколько я работала с предыдущим боссом - никогда такого не было, но вы с первой недели начали чуть ли не унижать меня. Меня это очень оскорбляет, и я однажды чуть не психанула, вы можете себе это представить? Вот буквально позавчера вы подошли ко мне и пожаловались по поводу того, что я «крашу ногти на работе». Серьезно? Я их красила неделю назад, а вы заметили только сейчас и накричали на меня? Где справедливость? Вы так ко всем женщинам в коллективе относитесь? Хватит с меня этих криков и угроз. Я устала слушать ваш ор, поэтому я хочу отомстить вам. У вас же вроде есть черная такая машина. Так вот, если вы не перестанете так со мной вести, я не отвечаю за вашу красавицу. Я уже представляю ее: выбитые стекла, огромное количество царапин, выбитые фары. Ох, я оттянусь! Но вы можете это предотвратить, если станете дружелюбнее ко мне и перестанете воспринимать меня как полноценного работника. Это же очень легко, но по силам ли вам это? Если вам дорога ваша машина, то лучше подумайте над своим поведением. У вас есть срок в две недели. Рекомендую вам не засиживаться и не ждать конца, а то ой как не поздоровится. Я надеюсь, что вы разумный человек и не станете медлить. Яковлева Василиса Семеновна."
1:Здрасьте! Я КРАЙНЕ НЕДОВОЛЬНА ,КРАЙНЕ! Почему вы так себя с нами ведете?! Мы же тоже люди, мы все равны! Вы сексист??? Я больше не буду терпеть! Я ТВОЮ машину вообще всю разобью, разрисую. Жди, нелюдь. Финишу таким быть. ПОКА!
0:"Уважаемый Премьер-министр. Пишу Вам, так как я оказался в весьма сложной ситуации, изменение которой, к сожалению, не зависит от меня. Я из года в год поддерживаю партию, которую Вы возглавляете и за которую я голосовал на прошедших выборах. И мне сложно поверить, что сейчас они не предпринимают никаких мер с целью стабилизации экономической ситуации. Я работаю на алюминиевом заводе, имею семью: жену и 2-х детей. От чего мне еще страшнее, т.к. я не знаю, будет ли у меня завтра работа и смогу ли я их прокормить. А в цехах уже начали переводить на неполный рабочий день, отправлять в неоплачиваемые отпуска. А что будет дальше? Партия ничего не делает для нас - простых работников. Я честно трудился, но сейчас просто опускаются руки. У меня складывается впечатление, что Правительство не интересуется жизнью народа, не стремится вывести страну из кризиса. Я много думал над целесообразностью в дальнейшем голосовать за Вашу партию, и пришел к выводу, что не ждите мой голос, если мы будем продолжать жить в ТАКИХ условиях."
0:Привет, меня зовут Ксения, я долго решалась, чтобы зарегистрироваться на сайте знакомств. Я очень застенчивая девушка, поэтому мне сложно знакомиться с противоположным полом в реальной жизни и принимать их ухаживания. Немного расскажу о себе. Мне 20 лет, учусь в хорошем университете, в детстве мечтала стать актрисой, но пошла по стопам мамы, теперь учусь на врача. Я невысокого роста, спортивного телосложения, милая, с чувством юмора, очень люблю животных и ходить в театр. Мечтаю найти доброго, умного, разностороннего молодого человека.
0:Добрый вечер! Прошедшим летом, мы приобрели в вашем туристическом агенстве тур, номиналом на 100 000 рублей. То, что мы получили, я оцениваю не выше 30 000 рублей. Из предложенного пакета услуг, была получена лишь малая часть. Жилье, оговоренное и утвержденное с вами, оказалось полной противоположностью. Дабы, «выбить» нормальное жилье, пришлось допалчивать и причем немаленькую сумму. Вместо того, чтобы наслаждаться отдыхом, вынужден решать проблемы, которые возникали почти на каждом шагу каждый день, хотя эти обязанности лежали полностью на вас, и все должно было быть готово и решено еще до моего прилета с женой. А наш прилет в аэропорт? Такого я еще нигде не встречал! Мало того, что мы ждали наш трансфер до отеля, так еще и водитель-хам. Прилетев с нашего «великолепного» отдыха», я решил дойти до вас, что бы решить вопрос с компенсацией. В вашем агенстве мне не дали ни то что просто ответа, так еще и нахамили. Хочу довести до вашего сведения, что если вы не ответите на данное письмо или ответите отказом на вопрос с компенсацией, я подам иск в суд, дабы решить эту проблему.
0:Я, Василий Иванов, крайне недоволен предоставленными мне услугами от вашей турфирмы. Мой отдых состоялся 20.07.2016-28.07.2016. У меня образовалось множество претензий к вам. Во-первых, наш рейс был задержан. Во-вторых, мне был предоставлен 4-х звездочный отель вместо прописанного 5 звездочного. Так же обслуживание в отеле оставляло желать лучшего. Комнаты вечно были не убраны, и никто не отвечал на мои звонки на ресепшен. На второй день моего отдыха, я обратился на ресепшен, чтобы мне поменяли номер, потому что там не работал кондиционер, а в такую жару было невозможно находиться в номере. На ресепшене мне отказались менять номер, так как свободных номеров не было. Прошу вернуть деньги за проплаченный отдых в связи несоответствия предлагаемых услуг, указанных договором.
1:Добрый день, я приобретала в вашей турфирме путевку на двух человек в Таиланд. Пакет на 10 дней 2-10 июля 2015 года. Мы летали вдвоем со своей лучшей подругой и поездка нам совершенно не понравилась.
0:"Здравствуйте, Надежда. Прошлым летом мы с женой покупали в вашем агенстве путевку. Как вы можете помнить, с ней было много проблем: о них я незамедлительно сообщал вам по телефону с целью урегулирования, однако мои звонки или игнорировались, или не находили ответа, и все проблемы нам приходилось решать самостоятельно. Либо вы сейчас же начинаете процедуру возврата денег, либо я подаю иск в суд и ставлю вопрос о закрытии вашей конторки на основании невыполнения своих компетенций."
0:"Доброго времени суток, уважаемый (ФИО). Пишу Вам данное обращение с целью выразить свое недовольство относительно сотрудничества с вашим турагенством. Я крайне возмущен тем, как были реализованы условия прописанные в договоре. Половина из того, о чем я договаривался с вашим работником, была проигнорирована, либо выполнена не в полном объеме.1)Отель: в договоре оговорено, что он расположен в центральной части города и имеет рейтинг5*. На деле: до центра пришлось добираться на авто, и на услуги такси я потратила немало средств. Рейтинг отеля был 3*.2)Экскурсии: из 5 оплаченных провели 3; 2 отменили, не объяснив причин. Мне не понятно, за что я заплатил свои деньги. Я требую рассмотрения жалобы в кратчайший срок. Иначе, я подам исковое заявление в суд с требованием компенсации. Надеюсь на вашу ответственность и обязательность. ФИО, подпись, дата."
1:Меня зовут Акопянц Галина, мне 27 лет, я из города Москва. Я очень красивая, молодая, самодостаточная женщина ищу себе молодого человека для серъезных отношений. Я работаю секретаршей в дорогой компании, поэтому я не нуждаюсь в твоих деньгах, меня интересует только твоя личность. Я часто посещаю бассейн, слежу за своим питанием и хочу чтобы ты тоже был спортсменом. Мои отношения обычно не длятся более года, поэтому хотелось бы найти серьезного человека. Жду своего принца на белом коне.
0:Требую возмещения средств, затраченных на поездку, купленную в вашем турагенстве. Спросите почему я требую вернуть деньги? Потому что, так отвратительно я еще не отдыхал! Специально попросил у барышни, работающей в вашей конторе, что я хочу просто отдохнуть! А не носиться по чужой стране в поисках своего отеля! Организация просто на «высшем уровне». Чтоб Вы всегда так отдыхали как я в этот раз! Если вы не возместите мне моральный вред+затраты на этот «отдых», то я вас жду в суде! Андрей И.
1:Здравствуйте! Я летала в отпуск, приобретя тур у вашей компании, заплатив за него много денег. Мне кажется, что услуги, которые входили в наш пакет, не стоят и не оправдывают средств, на них затраченных. Впечатления от отпуска из-за этого совершенно отвратительные, остается ждать следующей возможности съездить на отдых. Я немедленно обращусь в суд с целью компенсировать потраченные на вас время, деньги и нервы.
1:Твое ужасное поведение в мой адрес вынудило меня написать это письмо. Ты омерзительно воспитан и не знаешь корпоративной этики. Я здесь работаю слишком долго, чтобы ты мог просто получить должность начальника и пытаться самоутвердиться за счет меня. Ты слишком жестко отчитал меня на последнем собрании отделов, несмотря на то, что сам проявил халатность и не удостоился проверить данные. Знай, я это не оставлю на волю судьбы. У меня достаточно силы духа, чтобы причинить тебе серьезный ущерб. Я знаю, как ты любишь свою машину и трясешься за каждую царапину. Если ты не прекратишь принижать мои достоинства, царапины начнут расти в геометрической прогрессии. И в какой-то момент ты не сможешь даже просто сесть в нее.
0:Иван Васильевич, Пишет Вам сотрудник, оставшийся недооцененным во всех областях работы. Невозможно реализовать свой потенциал, когда с Вашей стороны идет постоянное давление, терпеть оскорбления, постоянные упреки. Будьте так добры, не вымещайте недовольство собой на других людях, они этого не должны терпеть. Это мешает работать, подавляет всякий энтузиазм. Если вы еще раз будете отчитывать меня, как маленького мальчика за лишнюю съеденную конфетку, я разукрашу вашу машину всеми цветами радуги и напишу на лобовом стекле, КОМУ она принадлежит. Чтобы все видели и уступали вам дорогу, а то вдруг вы и на них отыграться захотите. Всего хорошего.
0:Здравствуй, Софья! Ты прекрасный человек, с которым я долго общался по переписке и думаю, что нам нужно увидеться. По крайней мере, я этого хочу. Предлагаю встретиться возле кинотеатра, который находиться у моего дома. Я забронирую билеты на фильм, который недавно вышел. Думаю, тебе понравится. После кино пойдем гулять по набережной, она находится рядом с кинотеатром. Если мы прогуляем до вечера, можешь не беспокоится -я довезу тебя до дома. Я в любом случае тебя довезу, так что не упускай случая прокатиться на машине мечты Я буду ждать тебя в 20.00 на остановке. Такого красавчика ты узнаешь из тысячи и мимо не пройдешь. До встречи, Софья!
1:Привет! Я тоже рада читать твои сообщения. Кстати, я не знаю, пора ли уже, но мне очень хочется встретиться с тобой. Да, наверное, мне стоило делать это первой и звать тебя, но ничего не могу с собой поделать. Если ты будешь свободен в это время, мы можем увидеться послезавтра вечером. Говоря о месте встречи, мне хотелось бы предложить один довольно... необычный вариант. Хотелось бы встретиться с тобой у меня дома. Я надеюсь, ты не увидишь в таком предложении что-то слишком уж страшного. Я не имею в виду ничего плохого этим предложением. Ты давно хвалил мои блюда, и мне очень хотелось бы накормить тебя. Ты будешь голодным после работы и я, надеюсь, смогу сделать один из лучших ужинов в твоей жизни. Так же у меня дома осталась гитара от родителей, а ты играешь на ней очень хорошо. Женщины любят ушами Помнишь то мое платье на фотографии, которое ты так хвалил? Мне хотелось бы предстать перед тобой в нем. А если говорить честно, ты знаешь, насколько я застенчива и нерешительна (до сих пор удивляюсь себе, зачем я вообще это пишу). Встреча на своей территории для меня - спокойствие и уверенность, которых мне так не достает. Я очень надеюсь, что ты не увидишь в таком предложении каких –либо умыслов и согласишься. С нетерпением жду ответа. Твоя...
1:Хотела с вами поговорить о вашем поведении, а именно о крайне отвратительном отношении в отношении меня. Если вы думаете, что на вас никто не может повлиять, то вы заблуждаетесь. Уверяю вас мне есть к кому обратиться. Я хотела вам посоветовать вести себя более достойно. Если мои призывы не дойдут до вас в ближайшее время, будьте готовы выложить солидную сумму на ремонт вашего автомобиля. Если же и это на вас не повлияет, то со своим автомобилем на веки попрощаться. Я долго решалась на этот неприятный разговор, ибо не хочу находить с вами общий язык таким образом, но чувствую по-другому до вас недостучаться. Надеюсь вы меня услышали.
1:Уважаемый Максим Степанович. Я работаю у Вас в цехе No13, где трудится 1800 женщин. Так почему же лишь одна я вызываю у вас негатив. Работаю я наравне совсеми, иногда даже задерживаюсь на несколько часов. У меня семеро детей и я мать - одиночка. Один раз я забыла на работе свой телефон и пока ехала домой мой старший сын испугался и заплакал сидя в углу. Ему 20 лет. Дома мне приходится сложно. Но я уже привыкла. Но ваше отношение ко мне меня выбивает из колеи и мне тяжело работать под таким напряжением. Прошу вернуть меня в первую смену и поставить меня на оклад, т.к. тружусь я у Вас уже 4 года! Иначе я вашу машину взорву А потом еще раз! И еще! Мне ведь ничего не будет. У меня есть выписка из псих. диспансера. Надеюсь сработаемся
1:Прошлым летом я заказывала тур в вашем агенстве. В условиях тура было указано, что в самолете будет предоставлен бизнес-класс, отель имеет 4 звезды, находится он рядом с океаном и 3-х разовым питанием. Но не одно из этих условий соблюдены не были. В самолете нас посадили в эконом-класс. Отель был больше похож на дешевое общежитие для студентов, питание все было за мой счет. В связи с этими фактами, я требую компенсацию материального ущерба в размере стоимости отдыха и оплаты питания, а также моральную компенсацию за не соответствующие условия, иначе я буду вынуждена подать на вас в суд.
1:Здравствуйте! Приобрела у вас путевку, этим летом в Тайланд. Не хотела так грубо, но скажу прямо, это был не отдых, а каторга, ужасные были условия, такого сервиса я не видела еще не где! У меня в номере все время было грязно, убирали там раз в три дня, бегали тараканы, люди в моем отели все время были какие то недовольные, постоянно мне хамили! Я за что вам заплатила? Что бы выслушивать хамство? А уже говорить по поводу питания. Обещали швецкий стол, пятиразовое питание, и что? Где оно все? Нас кормили три раза в день. Я безумно не довольна вашим турагенством. Я хочу что бы вы мне возместили как минимум пятьдесят процентов от стоимости поездки, если вы с этим не согласны, я буду вынуждена подать на вас иск в суд, с требованием о компенсации! Так как с вашей стороны не были соблюдены условия нашего с вами договора.
0:Милые дамы! Я не хочу с вами ругаться! Но те услуги, что предоставляет ваша компания не в какие ворота не лезут! И я еще сдерживаюсь, чтобы не применить ненормативную лексику! Потому что отели, персонал, транспорт, питание все что вы предлагали ОТВРАТИТЕЛЬНЫЕ!!!! Прошу вернуть средства, которые были выплачены вам за тур! Этот тур денег не стоит!Если вы не вернете деньги! Я разнесу всю вашу шаражкину контору! И следа от нее не останется! Да я вас засужу! Сволочи вы неблагодарные! Да как вас земля то носит! Не стыда, не совести! Только и можете у нас деньги высасывать! За все время решил съездить отдохнуть и тут такой «отдых».
0:Уважаемая Шанина Юлия Юрьевна! Спешу сообщить Вам о крайне неприятной ситуации связанной с вашим туристическим агенством «Агенство». Мною на годовщину свадьбы была приобретена путевка в Венецию на 14 дней в размере (70000 рублей). В путевке оглашалась полная туристическая программа(экскурсии), минимальный уровень отеля (от 4-х звезд) и условия перелета. В самолете нас с супругой рассадили по разным местам, хотя в билетах были указаны другие места, ситуация была неприятной , но терпимой. В конце 14 дней задержали рейс на 9 часов, которые нам пришлось ожидать в аэропорту. Не было принесено никаких извинений авиакомпанией, а также туристическое агенство не предприняло никаких действий. Во время проживния в отеле, отмечу ужасное качество обслуживающего персонала. Вместо положенного качества и отдыха мы получили только одни расстройства! В связи с этим прошу вернуть стоимость путевки или вынужден обратиться в суд.
1:17.10.2008 я и мой муж приобрели у вас туристическую путевку Германию. Поездка должна была длиться 10 дней, но мы хотели уезжать сразу, потому что вместо Германии нас привезли в Польшу. Я была просто в шоке, так внаглую обмануть меня и мужа. Нас словно заложников никуда не отпускали мы не могли даже вызвать полицию. В общем, по приезду я сразу же подала в суд и пишу в том, чтобы вас уведомить.
1:22.03.2007 г мы с мужем поехали отдыхать в Табулистан. Перед этим муж купил этот злосчастный тур. Такого ужаса я еще никогда не испытывала. В аэропорту нас никто не встретил, пришлось добираться самим. Когда мы приехали в гостиницу, мы были в шоке, так как здание, в котором мы должны были проживать было похоже на какой то притон. На следующий день мы должны были отправиться в тур по достопримечательностям Табулистана. Автобус не пришел и мы через пару часов пошли обратно в гостиницу. Через несколько дней мы с мужем решили не оставаться в этом кошмарном месте. Я довожу до сведения эту шаражкину контору, которая продала нам эту путевку, что мы будем подавать в суд, дабы взыскать с них компенсацию за моральный ущерб.
1:Ой, Все! Вы вообще видели, куда вы отправляете людей? Там негде даже сделать селфи хорошее, и из контингента только всякие мужланы деревенские, которым лишь бы потусоваться. Не было обещанного «все включено», и мне насильно совала свои пирожки какая то тетя Клава! Я недовольна! Я надеялась, найти себе жениха, а в итоге нашла только герпис! Без суда не обойдется! П...! Мой папа мэр города Воронеж, и вам очень не понравится, что он с вами сделает! Вас засудят, а потом когда вас посадят, там вас будут каждый день иметь во все щели лютые огромные мужики с разными венерическими заболеваниями. Также вас каждый день будут бить и пытать, ибо в этом отпуске я поняла, что людям нельзя верить! Из-за вас я лишилась доверия к людям, а это дорогого стоит. Но я буду удовлетворена когда вы своими гландами убедитесь каково было мне в отпуске!
1:Уважаемый(нет) Сергей Петрович! Если твоя наглая морда не прекратит целиться на мою грудь, мне придется пойти на крайние меры. Сколько, мать твою, можно? Мы же взрослые люди! У тебя семья, ребенок; у меня муж боксер Я даже не знаю что страшного может произойти. Хотя, нет, знаю. Если ты не перестанешь на меня пялиться, то СОВЕРШЕННО СЛУЧАЙНО у твоего новенького Лексуса откажут тормоза Даю тебе неделю на размышления.
1:Я купила у вас путевку на отдых. И от увиденного я была в шоке. Как такое можно было предложить? Персонал хамов, уборка номеров ужасная. У меня украли личные вещи. Если вы не возместите мне ущерб причиненный от вашего отдыха, я устрою вам такую популярность, от которой у вас не останется клиентов. Я подам иск на вас в суд.
1:Что за дела, почему все было так ужасно? За что я заплатила? Лучше бы дома осталась. Верните мне мои деньги, быстро! Я вас засужу. Почему не было завтрака в постель и стриптизеров. В отеле были одни алкаши, которые бухали целыми днями и орали как ненормальные желая расправы с каждым, кто встретиться на их пути. Все было ужасно!
